{
  "@skyblockapi:version": 0,
  "@skyblockapi:data": {
    "2c3c97d7-2b1c-4355-b856-dae991ddf5db": {
      "Pear": {
        "exp": {
          "FORAGING": 1.281083E8,
          "FARMING": 6.624845E8,
          "CARPENTRY": 2.5258587E8,
          "HUNTING": 4322945.0,
          "SOCIAL": 275324.0,
          "COMBAT": 8.4145824E8,
          "FISHING": 2.1427378E8,
          "ENCHANTING": 6.1547704E9,
          "MINING": 4.0241267E8
        }
      },
      "Cucumber": {
        "exp": {
          "FORAGING": 7.417248E7,
          "MINING": 9.7972456E7,
          "FARMING": 1.1167733E8,
          "CARPENTRY": 5.517253E7,
          "COMBAT": 1.04672536E8
        }
      }
    }
  }
}