{"maxMoneyPerSecond":1710.9233143484723,"maxCollectionPerSecond":328.29198265736704}